<ns1:event xmlns:ns1="urn:jazzomr:event" xmlns:ns2="http://event.jazzomr.dlp.com.br" xmlns:xsi="http://www.w3.org/2001/XMLSchema-instance" xsi:type="ns2:EventVO"><description>Evento Teste</description><examVO xmlns:ns3="http://exam.jazzomr.dlp.com.br" xsi:type="ns3:ExamVO"><PK>1</PK><description>Exame Semestral</description><questionnaires><ns3:QuestionnaireVO xsi:type="ns3:QuestionnaireVO"><PK>1</PK><description>Ciências</description><questions><ns4:QuestionVO xmlns:ns4="http://question.jazzomr.dlp.com.br" xsi:type="ns4:QuestionVO"><PK>1</PK><criterionVOs><ns4:CriterionVO xsi:type="ns4:CriterionVO"><PK>1</PK><critType>A</critType><description>H2O2</description><imageVOs/><maxPonto>1</maxPonto><ordem>1.0</ordem><qtdLinhas>5</qtdLinhas><required>true</required><score>WRONG</score></ns4:CriterionVO><ns4:CriterionVO xsi:type="ns4:CriterionVO"><PK>2</PK><critType>A</critType><description>H2O</description><imageVOs/><maxPonto>1</maxPonto><ordem>1.0</ordem><qtdLinhas>5</qtdLinhas><required>true</required><score>CORRECT</score></ns4:CriterionVO><ns4:CriterionVO xsi:type="ns4:CriterionVO"><PK>3</PK><critType>A</critType><description>NDA</description><imageVOs/><maxPonto>1</maxPonto><ordem>1.0</ordem><qtdLinhas>5</qtdLinhas><required>true</required><score>WRONG</score></ns4:CriterionVO><ns4:CriterionVO xsi:type="ns4:CriterionVO"><PK>4</PK><critType>A</critType><description>NO2</description><imageVOs/><maxPonto>1</maxPonto><ordem>1.0</ordem><qtdLinhas>5</qtdLinhas><required>true</required><score>WRONG</score></ns4:CriterionVO><ns4:CriterionVO xsi:type="ns4:CriterionVO"><PK>5</PK><critType>A</critType><description>SO2</description><imageVOs/><maxPonto>1</maxPonto><ordem>1.0</ordem><qtdLinhas>5</qtdLinhas><required>true</required><score>WRONG</score></ns4:CriterionVO></criterionVOs><description>Qual a formula da agua</description><ordem>1.0</ordem><resumo>Qual a formula da agua</resumo></ns4:QuestionVO></questions></ns3:QuestionnaireVO></questionnaires></examVO><mapOMRMarksByPergExamVarPage><ns3:entry xmlns:ns3="http://www.w3.org/2001/XMLSchema"><ns3:key>1-2-1</ns3:key><ns3:value><ns4:OMRMark xmlns:ns4="http://coordinate.exam.jazzomr.dlp.com.br" xsi:type="ns4:OMRMark"><chave>1-1-1-3</chave><critType>A</critType><criterion>3</criterion><h>9</h><pagina>1</pagina><paginas><ns5:int xmlns:ns5="http://cxf.apache.org/arrays">1</ns5:int></paginas><pergunta>1</pergunta><w>9</w><x>59</x><y>244</y></ns4:OMRMark><ns4:OMRMark xmlns:ns4="http://coordinate.exam.jazzomr.dlp.com.br" xsi:type="ns4:OMRMark"><chave>1-1-1-4</chave><critType>A</critType><criterion>4</criterion><h>9</h><pagina>1</pagina><paginas><ns5:int xmlns:ns5="http://cxf.apache.org/arrays">1</ns5:int></paginas><pergunta>1</pergunta><w>9</w><x>59</x><y>202</y></ns4:OMRMark><ns4:OMRMark xmlns:ns4="http://coordinate.exam.jazzomr.dlp.com.br" xsi:type="ns4:OMRMark"><chave>1-1-1-5</chave><critType>A</critType><criterion>5</criterion><h>9</h><pagina>1</pagina><paginas><ns5:int xmlns:ns5="http://cxf.apache.org/arrays">1</ns5:int></paginas><pergunta>1</pergunta><w>9</w><x>59</x><y>216</y></ns4:OMRMark><ns4:OMRMark xmlns:ns4="http://coordinate.exam.jazzomr.dlp.com.br" xsi:type="ns4:OMRMark"><chave>1-1-1-1</chave><critType>A</critType><criterion>1</criterion><h>9</h><pagina>1</pagina><paginas><ns5:int xmlns:ns5="http://cxf.apache.org/arrays">1</ns5:int></paginas><pergunta>1</pergunta><w>9</w><x>59</x><y>258</y></ns4:OMRMark><ns4:OMRMark xmlns:ns4="http://coordinate.exam.jazzomr.dlp.com.br" xsi:type="ns4:OMRMark"><chave>1-1-1-2</chave><critType>A</critType><criterion>2</criterion><h>9</h><pagina>1</pagina><paginas><ns5:int xmlns:ns5="http://cxf.apache.org/arrays">1</ns5:int></paginas><pergunta>1</pergunta><w>9</w><x>59</x><y>230</y></ns4:OMRMark></ns3:value></ns3:entry><ns3:entry xmlns:ns3="http://www.w3.org/2001/XMLSchema"><ns3:key>1-3-1</ns3:key><ns3:value><ns4:OMRMark xmlns:ns4="http://coordinate.exam.jazzomr.dlp.com.br" xsi:type="ns4:OMRMark"><chave>1-1-1-3</chave><critType>A</critType><criterion>3</criterion><h>9</h><pagina>1</pagina><paginas><ns5:int xmlns:ns5="http://cxf.apache.org/arrays">1</ns5:int></paginas><pergunta>1</pergunta><w>9</w><x>59</x><y>244</y></ns4:OMRMark><ns4:OMRMark xmlns:ns4="http://coordinate.exam.jazzomr.dlp.com.br" xsi:type="ns4:OMRMark"><chave>1-1-1-4</chave><critType>A</critType><criterion>4</criterion><h>9</h><pagina>1</pagina><paginas><ns5:int xmlns:ns5="http://cxf.apache.org/arrays">1</ns5:int></paginas><pergunta>1</pergunta><w>9</w><x>59</x><y>258</y></ns4:OMRMark><ns4:OMRMark xmlns:ns4="http://coordinate.exam.jazzomr.dlp.com.br" xsi:type="ns4:OMRMark"><chave>1-1-1-5</chave><critType>A</critType><criterion>5</criterion><h>9</h><pagina>1</pagina><paginas><ns5:int xmlns:ns5="http://cxf.apache.org/arrays">1</ns5:int></paginas><pergunta>1</pergunta><w>9</w><x>59</x><y>230</y></ns4:OMRMark><ns4:OMRMark xmlns:ns4="http://coordinate.exam.jazzomr.dlp.com.br" xsi:type="ns4:OMRMark"><chave>1-1-1-1</chave><critType>A</critType><criterion>1</criterion><h>9</h><pagina>1</pagina><paginas><ns5:int xmlns:ns5="http://cxf.apache.org/arrays">1</ns5:int></paginas><pergunta>1</pergunta><w>9</w><x>59</x><y>202</y></ns4:OMRMark><ns4:OMRMark xmlns:ns4="http://coordinate.exam.jazzomr.dlp.com.br" xsi:type="ns4:OMRMark"><chave>1-1-1-2</chave><critType>A</critType><criterion>2</criterion><h>9</h><pagina>1</pagina><paginas><ns5:int xmlns:ns5="http://cxf.apache.org/arrays">1</ns5:int></paginas><pergunta>1</pergunta><w>9</w><x>59</x><y>216</y></ns4:OMRMark></ns3:value></ns3:entry><ns3:entry xmlns:ns3="http://www.w3.org/2001/XMLSchema"><ns3:key>1-1-1</ns3:key><ns3:value><ns4:OMRMark xmlns:ns4="http://coordinate.exam.jazzomr.dlp.com.br" xsi:type="ns4:OMRMark"><chave>1-1-1-3</chave><critType>A</critType><criterion>3</criterion><h>9</h><pagina>1</pagina><paginas><ns5:int xmlns:ns5="http://cxf.apache.org/arrays">1</ns5:int></paginas><pergunta>1</pergunta><w>9</w><x>59</x><y>202</y></ns4:OMRMark><ns4:OMRMark xmlns:ns4="http://coordinate.exam.jazzomr.dlp.com.br" xsi:type="ns4:OMRMark"><chave>1-1-1-4</chave><critType>A</critType><criterion>4</criterion><h>9</h><pagina>1</pagina><paginas><ns5:int xmlns:ns5="http://cxf.apache.org/arrays">1</ns5:int></paginas><pergunta>1</pergunta><w>9</w><x>59</x><y>244</y></ns4:OMRMark><ns4:OMRMark xmlns:ns4="http://coordinate.exam.jazzomr.dlp.com.br" xsi:type="ns4:OMRMark"><chave>1-1-1-5</chave><critType>A</critType><criterion>5</criterion><h>9</h><pagina>1</pagina><paginas><ns5:int xmlns:ns5="http://cxf.apache.org/arrays">1</ns5:int></paginas><pergunta>1</pergunta><w>9</w><x>59</x><y>230</y></ns4:OMRMark><ns4:OMRMark xmlns:ns4="http://coordinate.exam.jazzomr.dlp.com.br" xsi:type="ns4:OMRMark"><chave>1-1-1-1</chave><critType>A</critType><criterion>1</criterion><h>9</h><pagina>1</pagina><paginas><ns5:int xmlns:ns5="http://cxf.apache.org/arrays">1</ns5:int></paginas><pergunta>1</pergunta><w>9</w><x>59</x><y>216</y></ns4:OMRMark><ns4:OMRMark xmlns:ns4="http://coordinate.exam.jazzomr.dlp.com.br" xsi:type="ns4:OMRMark"><chave>1-1-1-2</chave><critType>A</critType><criterion>2</criterion><h>9</h><pagina>1</pagina><paginas><ns5:int xmlns:ns5="http://cxf.apache.org/arrays">1</ns5:int></paginas><pergunta>1</pergunta><w>9</w><x>59</x><y>258</y></ns4:OMRMark></ns3:value></ns3:entry></mapOMRMarksByPergExamVarPage><mapPerguntasByExamVarPage><ns3:entry xmlns:ns3="http://www.w3.org/2001/XMLSchema"><ns3:key>3-1</ns3:key><ns3:value><ns4:string xmlns:ns4="http://cxf.apache.org/arrays">1</ns4:string></ns3:value></ns3:entry><ns3:entry xmlns:ns3="http://www.w3.org/2001/XMLSchema"><ns3:key>1-1</ns3:key><ns3:value><ns4:string xmlns:ns4="http://cxf.apache.org/arrays">1</ns4:string></ns3:value></ns3:entry><ns3:entry xmlns:ns3="http://www.w3.org/2001/XMLSchema"><ns3:key>2-1</ns3:key><ns3:value><ns4:string xmlns:ns4="http://cxf.apache.org/arrays">1</ns4:string></ns3:value></ns3:entry></mapPerguntasByExamVarPage><participations><ns3:entry xmlns:ns3="http://www.w3.org/2001/XMLSchema"><ns3:key>1</ns3:key><ns3:value xsi:type="ns2:ParticipationVO"><PK>1</PK><examVariant>3</examVariant><pessoaVO xmlns:ns4="http://person.jazzomr.dlp.com.br" xsi:type="ns4:PessoaVO"><PK>1</PK><nome>Jose</nome></pessoaVO></ns3:value></ns3:entry><ns3:entry xmlns:ns3="http://www.w3.org/2001/XMLSchema"><ns3:key>2</ns3:key><ns3:value xsi:type="ns2:ParticipationVO"><PK>2</PK><examVariant>1</examVariant><pessoaVO xmlns:ns4="http://person.jazzomr.dlp.com.br" xsi:type="ns4:PessoaVO"><PK>2</PK><nome>Joao</nome></pessoaVO></ns3:value></ns3:entry><ns3:entry xmlns:ns3="http://www.w3.org/2001/XMLSchema"><ns3:key>3</ns3:key><ns3:value xsi:type="ns2:ParticipationVO"><PK>3</PK><examVariant>2</examVariant><pessoaVO xmlns:ns4="http://person.jazzomr.dlp.com.br" xsi:type="ns4:PessoaVO"><PK>3</PK><nome>Maria</nome></pessoaVO></ns3:value></ns3:entry><ns3:entry xmlns:ns3="http://www.w3.org/2001/XMLSchema"><ns3:key>4</ns3:key><ns3:value xsi:type="ns2:ParticipationVO"><PK>4</PK><examVariant>3</examVariant><pessoaVO xmlns:ns4="http://person.jazzomr.dlp.com.br" xsi:type="ns4:PessoaVO"><PK>4</PK><nome>Joana</nome></pessoaVO></ns3:value></ns3:entry><ns3:entry xmlns:ns3="http://www.w3.org/2001/XMLSchema"><ns3:key>5</ns3:key><ns3:value xsi:type="ns2:ParticipationVO"><PK>5</PK><examVariant>1</examVariant><pessoaVO xmlns:ns4="http://person.jazzomr.dlp.com.br" xsi:type="ns4:PessoaVO"><PK>5</PK><nome>Antonio</nome></pessoaVO></ns3:value></ns3:entry><ns3:entry xmlns:ns3="http://www.w3.org/2001/XMLSchema"><ns3:key>6</ns3:key><ns3:value xsi:type="ns2:ParticipationVO"><PK>6</PK><examVariant>2</examVariant><pessoaVO xmlns:ns4="http://person.jazzomr.dlp.com.br" xsi:type="ns4:PessoaVO"><PK>6</PK><nome>Suellen</nome></pessoaVO></ns3:value></ns3:entry><ns3:entry xmlns:ns3="http://www.w3.org/2001/XMLSchema"><ns3:key>7</ns3:key><ns3:value xsi:type="ns2:ParticipationVO"><PK>7</PK><examVariant>3</examVariant><pessoaVO xmlns:ns4="http://person.jazzomr.dlp.com.br" xsi:type="ns4:PessoaVO"><PK>7</PK><nome>Igor</nome></pessoaVO></ns3:value></ns3:entry><ns3:entry xmlns:ns3="http://www.w3.org/2001/XMLSchema"><ns3:key>8</ns3:key><ns3:value xsi:type="ns2:ParticipationVO"><PK>8</PK><examVariant>1</examVariant><pessoaVO xmlns:ns4="http://person.jazzomr.dlp.com.br" xsi:type="ns4:PessoaVO"><PK>8</PK><nome>Marcia</nome></pessoaVO></ns3:value></ns3:entry><ns3:entry xmlns:ns3="http://www.w3.org/2001/XMLSchema"><ns3:key>9</ns3:key><ns3:value xsi:type="ns2:ParticipationVO"><PK>9</PK><examVariant>2</examVariant><pessoaVO xmlns:ns4="http://person.jazzomr.dlp.com.br" xsi:type="ns4:PessoaVO"><PK>9</PK><nome>Mariana</nome></pessoaVO></ns3:value></ns3:entry><ns3:entry xmlns:ns3="http://www.w3.org/2001/XMLSchema"><ns3:key>10</ns3:key><ns3:value xsi:type="ns2:ParticipationVO"><PK>10</PK><examVariant>3</examVariant><pessoaVO xmlns:ns4="http://person.jazzomr.dlp.com.br" xsi:type="ns4:PessoaVO"><PK>10</PK><nome>Sara</nome></pessoaVO></ns3:value></ns3:entry></participations><relatorioVO xmlns:ns3="http://empresa.jazzomr.dlp.com.br" xsi:type="ns3:RelatorioVO"><examOMRMetadataVO><ns4:entry xmlns:ns4="http://www.w3.org/2001/XMLSchema"><ns4:key>bottom-left</ns4:key><ns4:value xmlns:ns5="http://exam.jazzomr.dlp.com.br" xsi:type="ns5:ExamOMRMetadataVO"><omrKey>bottom-left</omrKey><x>35.0</x><y>807.0</y></ns4:value></ns4:entry><ns4:entry xmlns:ns4="http://www.w3.org/2001/XMLSchema"><ns4:key>top-right</ns4:key><ns4:value xmlns:ns5="http://exam.jazzomr.dlp.com.br" xsi:type="ns5:ExamOMRMetadataVO"><omrKey>top-right</omrKey><x>560.0</x><y>35.0</y></ns4:value></ns4:entry></examOMRMetadataVO></relatorioVO></ns1:event>